ulasan,rating
mempermudah untuk belanja tidak perlu keluar rumah barang diantar kerumah dan gratis ongkir pula,5
sangat memudahkan berbelanja saat males keluar rumah,5
malah layar putih setelah mendaftar kan alamat hadeh,1
ayo aplikasi nya bagus pokonya mantap,5
memuaskan.,5
good luck always,5
sangat recomended aplikasi ini bagi yang mager keluar rumah,5
kenapa mau belanja malah disuruh update data terus? udah di save balik lagi update data terus berulang2. back jg ga bisa. sarannya disuruh hapus data/hapus cache tp podo ae gak iso,1
respon cepat,5
"belanja lebih mudah tanpa harus keluar rumah,joss",5
alhamdulillah ngebantu banget bisa hemat waktu terima kasih alfamidi,5
"cuss langsung order, sambil santai dirumah",5
"wooow suka aplikasinya,,, makin sering blnja d alfamidi ,,,,",5
mudah untuk digunakan,5
cepat dan lengkap,5
"aplikasinya bagus,mantap, pokoknya nggak nyesel download aplikasi ini.",5
mantap si apknya kurirnya cepat sampenya,5
bagus bangettt terima kasih alfamidi sudah membuat nya menjadi mudahh,5
the soul of the application is great,5
"aplikasi apa ini gak bisa di pake buat belanja, keranjang nya kosong biarpun di masukin daftar belanja. niat buat aplikasi gak sih error terus kalo login. gak bisa di pake!!!",1
alfamidi kaya warung kaki lima parah jiiir kasir ada 3 yang dipake cuman 1 kaga ada otak padahal karyawannya banyak kalo gua jadi bosnya gua dah pecat tuh karyawan,1
"abangÂ²nyah ramah sekali,sopan lagi, kalo kata upin-ipin mah terbaik. (alfamidi sentraland)",5
apk yg sangat membantu sekali,5
aplikasi in sangat membantu untuk memenuhi kebutuhan sehari2 tanpa ribet,5
terlalu lama menunggu menginstal aplikasi alfamidi nya,2
"intinya aplikasi gak bisa dipakai, selalu muncul halaman edit profile. berkali2 disimpan tetap muncul lagi halaman edit profile",1
"aplikasi ini sangat bagus, dapat memudahkan customer dalam berbelanja. tinggal pencet pencet sudah, pengiriman nya juga cepat",5
responnya cepat,5
sangat membantu customer dan mempermudah belanja kebutuhan,5
terimakasih atas pelayanannya,5
"karyawan di salah satu toko di gresik tidak jujur, uang kembalian customer sengaja dikurangi",1
keren banget dah ok oke,5
keren ga perlu kluar rmh,5
pengiriman tepat waktu,5
cocok,5
apknya keren belanja dari rumah jadii makin praktis :),5
"cuma stuck di masukin kode otp. selalu tulisannya gagal dimuat terus. udh di uninstal, instal ulang, login ulang, sama aja. kesimpulannya ni aplikasi gabisa dipake. gimana sih developernya nih. ku liat ga cuma 1 kasus loh. niat ga sih",1
sudah terselesaikan dan pelayanan ramah juga saya senang,5
mantaff,5
"aplikasinya bagus banget, dri aplikasi ini kita bisa liat liat barang apa aja yg promo. selain itu kita juga bisa pesan barang lewat aplikasi kayak toko oren gitu. gratis ongkir lagi. uda gitu bisa cek point member kita uda terkumpul brp. pokoknya debest bgt ni app",5
"sangat membantu, memudahkan untuk belanja dari rumah",5
"kerennn. layanan terbaru dari alfamidi, mempermudah dalam berbelanja di masa pandemi",5
belanja online ngk ada menariknya.cuma sekedar belanja dr rumah.brng sampainfk ada promo sepeti voucher .bisa tebus murah.bayar pakai gopay atau shoppe pay dapat pot.masih mending belanja off line.kalah jauh sama klik idm.belum layak disebut belanja online,1
kenapa aplikasi erro,3
the bestt,5
"status pesanan sudah terkirim tapi barang belum sampai, bahkan belum dikirim. kalaupun ada kendala untuk/saat pengiriman, jangan langsung diselesaikan order nya. hampir puas karena ada aplikasi ini tapi jadi kecewa padahal baru penggunaan pertama.",2
bebas ongkir patenn kali,5
sangat sekali di pandemi ini,1
"mau belanja jadi mudah karna midikring, tinggal pilih pesanan siap di antar, ga cape keluar rumah deeeh",5
alfamidi doang lah emng paling good,5
