ulasan,produk,layanan,fungsi,rating
mempermudah untuk belanja tidak perlu keluar rumah barang diantar kerumah dan gratis ongkir pula,Tidak Ada,Positif,Positif,5
sangat memudahkan berbelanja saat males keluar rumah,Tidak Ada,Positif,Positif,5
malah layar putih setelah mendaftar kan alamat hadeh,Tidak Ada,Tidak Ada,Negatif,1
ayo aplikasi nya bagus pokonya mantap,Positif,Positif,Positif,5
memuaskan.,Positif,Positif,Positif,5
good luck always,Positif,Tidak Ada,Positif,5
sangat recomended aplikasi ini bagi yang mager keluar rumah,Tidak Ada,Positif,Positif,5
kenapa mau belanja malah disuruh update data terus? udah di save balik lagi update data terus berulang2. back jg ga bisa. sarannya disuruh hapus data/hapus cache tp podo ae gak iso,Tidak Ada,Tidak Ada,Negatif,1
respon cepat,Tidak Ada,Positif,Tidak Ada,5
"belanja lebih mudah tanpa harus keluar rumah,joss",Tidak Ada,Tidak Ada,Positif,5
alhamdulillah ngebantu banget bisa hemat waktu terima kasih alfamidi,Positif,Tidak Ada,Positif,5
"cuss langsung order, sambil santai dirumah",Tidak Ada,Positif,Positif,5
"wooow suka aplikasinya,,, makin sering blnja d alfamidi ,,,,",Positif,Positif,Positif,5
mudah untuk digunakan,Tidak Ada,Tidak Ada,Positif,5
cepat dan lengkap,Positif,Positif,Tidak Ada,5
"aplikasinya bagus,mantap, pokoknya nggak nyesel download aplikasi ini.",Tidak Ada,Positif,Positif,5
mantap si apknya kurirnya cepat sampenya,Tidak Ada,Tidak Ada,Positif,5
bagus bangettt terima kasih alfamidi sudah membuat nya menjadi mudahh,Positif,Positif,Positif,5
the soul of the application is great,Positif,Positif,Positif,5
"aplikasi apa ini gak bisa di pake buat belanja, keranjang nya kosong biarpun di masukin daftar belanja. niat buat aplikasi gak sih error terus kalo login. gak bisa di pake!!!",Tidak Ada,Tidak Ada,Negatif,1
alfamidi kaya warung kaki lima parah jiiir kasir ada 3 yang dipake cuman 1 kaga ada otak padahal karyawannya banyak kalo gua jadi bosnya gua dah pecat tuh karyawan,Tidak Ada,Negatif,Tidak Ada,1
"abangÂ²nyah ramah sekali,sopan lagi, kalo kata upin-ipin mah terbaik. (alfamidi sentraland)",Positif,Positif,Tidak Ada,5
apk yg sangat membantu sekali,Tidak Ada,Tidak Ada,Positif,5
aplikasi in sangat membantu untuk memenuhi kebutuhan sehari2 tanpa ribet,Tidak Ada,Positif,Positif,5
terlalu lama menunggu menginstal aplikasi alfamidi nya,Positif,Tidak Ada,Positif,2
"intinya aplikasi gak bisa dipakai, selalu muncul halaman edit profile. berkali2 disimpan tetap muncul lagi halaman edit profile",Tidak Ada,Tidak Ada,Negatif,1
"aplikasi ini sangat bagus, dapat memudahkan customer dalam berbelanja. tinggal pencet pencet sudah, pengiriman nya juga cepat",Tidak Ada,Positif,Positif,5
responnya cepat,Negatif,Positif,Positif,5
sangat membantu customer dan mempermudah belanja kebutuhan,Tidak Ada,Tidak Ada,Positif,5
terimakasih atas pelayanannya,Tidak Ada,Positif,Tidak Ada,5
"karyawan di salah satu toko di gresik tidak jujur, uang kembalian customer sengaja dikurangi",Tidak Ada,Negatif,Negatif,1
keren banget dah ok oke,Positif,Positif,Positif,5
keren ga perlu kluar rmh,Tidak Ada,Positif,Positif,5
pengiriman tepat waktu,Tidak Ada,Negatif,Tidak Ada,5
cocok,Positif,Tidak Ada,Positif,5
apknya keren belanja dari rumah jadii makin praktis :),Tidak Ada,Positif,Positif,5
"cuma stuck di masukin kode otp. selalu tulisannya gagal dimuat terus. udh di uninstal, instal ulang, login ulang, sama aja. kesimpulannya ni aplikasi gabisa dipake. gimana sih developernya nih. ku liat ga cuma 1 kasus loh. niat ga sih",Tidak Ada,Tidak Ada,Negatif,1
sudah terselesaikan dan pelayanan ramah juga saya senang,Tidak Ada,Positif,Tidak Ada,5
mantaff,Positif,Positif,Positif,5
"aplikasinya bagus banget, dri aplikasi ini kita bisa liat liat barang apa aja yg promo. selain itu kita juga bisa pesan barang lewat aplikasi kayak toko oren gitu. gratis ongkir lagi. uda gitu bisa cek point member kita uda terkumpul brp. pokoknya debest bgt ni app",Tidak Ada,Tidak Ada,Tidak Ada,5
"sangat membantu, memudahkan untuk belanja dari rumah",Tidak Ada,Positif,Positif,5
"kerennn. layanan terbaru dari alfamidi, mempermudah dalam berbelanja di masa pandemi",Tidak Ada,Positif,Positif,5
belanja online ngk ada menariknya.cuma sekedar belanja dr rumah.brng sampainfk ada promo sepeti voucher .bisa tebus murah.bayar pakai gopay atau shoppe pay dapat pot.masih mending belanja off line.kalah jauh sama klik idm.belum layak disebut belanja online,Negatif,Tidak Ada,Negatif,1
kenapa aplikasi erro,Positif,Positif,Positif,3
the bestt,Positif,Positif,Positif,5
"status pesanan sudah terkirim tapi barang belum sampai, bahkan belum dikirim. kalaupun ada kendala untuk/saat pengiriman, jangan langsung diselesaikan order nya. hampir puas karena ada aplikasi ini tapi jadi kecewa padahal baru penggunaan pertama.",Tidak Ada,Negatif,Tidak Ada,2
bebas ongkir patenn kali,Positif,Positif,Positif,5
sangat sekali di pandemi ini,Tidak Ada,Positif,Positif,1
"mau belanja jadi mudah karna midikring, tinggal pilih pesanan siap di antar, ga cape keluar rumah deeeh",Tidak Ada,Positif,Positif,5
alfamidi doang lah emng paling good,Positif,Tidak Ada,Positif,5
susah amat mau daftar. selalu ada kesamaan data padahal daftar pakai nama suami saya.beda no hp beda alamat email beda nama tetep ada kesamaan data. enakan pake aplikasi indomaret atau alfamart gak banyak ribet,Tidak Ada,Tidak Ada,Negatif,1
memuaskan sekali,Positif,Positif,Positif,5
"suka banget salah satu pengalaman yg pling berkesan saat q lg nunggu antrian pdhl cuma satu orang lama bgt akirnya maz yg jaga kasir sbelahnya blng sama pembeli yg baru mau bayar, ""bentar ya kk biar mbg nya dlu udh dari td"" sumpah seneng bgt pdhl biasanya ksir gtu masa bodo apalagi antrian di kasirnya dia jg bnyk",Tidak Ada,Negatif,Tidak Ada,4
jl raya manuka krajan blok 31 j no 5 tandes sumber rejeki surabaya,Tidak Ada,Tidak Ada,Tidak Ada,5
belanja lebih peraktis tanpa harus keluar rumah terima kasih alfamidi,Tidak Ada,Positif,Positif,5
iyesss,Positif,Positif,Positif,5
sangat bagus dan puas,Positif,Positif,Positif,5
terimakasih sangat membantu,Tidak Ada,Tidak Ada,Positif,5
"ga jelas aplikasinya, wajib isi no ponta tapi di pencet ga mau",Tidak Ada,Tidak Ada,Negatif,3
aplikasi ini sangat membantu dan mempermudah customer untuk blanja online d alfamidi,Tidak Ada,Tidak Ada,Positif,5
alpfamidi sei silo memuaskan,Positif,Positif,Positif,5
aneh banget gabisa sigh in gabisa login,Tidak Ada,Tidak Ada,Negatif,1
sangat bagus dan sangat membantu,Tidak Ada,Tidak Ada,Positif,5
kerennn sangat mudah,Tidak Ada,Positif,Positif,5
sangat bermanfaat di kala malas bepergian,Tidak Ada,Positif,Positif,5
"mantap, gratis ongkir",Tidak Ada,Positif,Positif,5
"bagus sekali aplikasinya. semuanya serba jelas, detail. bagus",Tidak Ada,Tidak Ada,Positif,5
"pengen buat akun member gabisa, katanya ada kesamaan data, lah baru aja mo bikin akun sama kek sapa coba datanya",Tidak Ada,Tidak Ada,Negatif,1
kecewa. alfamidi togid (kab.boltim) kemarin boleh setor aladin 600rb. eh hari ini tidak bisa tarik aladin 100rb.,Negatif,Tidak Ada,Negatif,1
the best midikring,Positif,Positif,Positif,5
narasa,Positif,Positif,Positif,5
"selama menggunakan aplikasi ini saya sangat terbantu dan bermanfaat sekali, fast respon, ketika ada kendala juga fast respon dan pengantarnya ramah (khusus alfamidi labota).",Tidak Ada,Positif,Tidak Ada,5
aplikasi shop rekomendasi buat kalian semua,Positif,Tidak Ada,Positif,5
"pelayananya ramah,cepat,baik dan belanja lebih mudah di rumah saja tinggal klik. pesan barang langsung sampai dan gratis ongkir pula.",Tidak Ada,Positif,Positif,5
"recomended buat yang mager keluar rumah, di anter sampai depan rumah,gratis ongkir lagi",Tidak Ada,Positif,Positif,5
kurirnya ramah,Positif,Positif,Tidak Ada,5
midi kring is the best,Positif,Positif,Positif,5
app pembelanjaan yang sangat mudah dan moderen,Tidak Ada,Tidak Ada,Positif,5
"belanja, barang gak ada, dicancel pesanan oleh alfamidi sendiri, tapi uangnya beludi kembalikan sampai saat ini.",Negatif,Negatif,Negatif,1
mudah dan membantu,Tidak Ada,Tidak Ada,Positif,5
aplikasi nya bagus lumayan membantu kebutuhann sehari-hari bila emang lagi mager keluar,Tidak Ada,Positif,Positif,5
ini aplikasi super duper membantu saya yang magerr keluar rumahhh .tinggal pesan.barang langsg diantar . terimakasih midikring,Tidak Ada,Positif,Positif,5
alfamidi tipar cakung judes kasirnya klu pmayaran pake shopeepay. tolong di training lg. mau bayar pake shopee atau gopay itukan pake duit sm aja. tp kasirnya jutek bilang mksh juga engga. liat wjah sy aja ogah setelah tau bayar pake shopee.,Tidak Ada,Negatif,Tidak Ada,1
alhamdulillah membantu sekali. dimasa pandemi kayak gini. gak perlu keluar rumah. tinggal pencet2 aja barang sudah nyampek rumah dgn aman.,Tidak Ada,Positif,Positif,5
"aplikasi yang mudah diakses, dan banyak keuntungannya",Tidak Ada,Tidak Ada,Positif,5
"aplikasi yang cukup bagus, memudahkan kita untuk berbelanja walau dari rumah, kedepannya sedikit saran tambahin lebih banyak produk didalamnya juga fitur pembayaran lebih lengkap",Tidak Ada,Positif,Positif,5
"pelayanan buruk ,pesan dari jam 2 siang , sampe skrg udh jam 19.36 belum juga di kirim, seharusnya klp gak bsa gak usb di terima ,bikin org dongkol aja. kecewa. auto delete apk.nya",Tidak Ada,Negatif,Tidak Ada,1
belanja kaga report dirumah aja,Tidak Ada,Positif,Positif,5
"daftar aplikasi susah bgt, gak mau trs, pdhl mw lebih gampang dowload aplikasi, ini daftar aja susah",Tidak Ada,Tidak Ada,Negatif,1
maju terus alfamidi,Positif,Positif,Positif,5
"pengiriman tepat waktu dan sesuai, mantap",Positif,Positif,Positif,5
sangat membantu untuk belanja secara online,Tidak Ada,Tidak Ada,Positif,5
lebih dekat dengan pelanggan,Negatif,Positif,Positif,5
"barang sesuai pesanan,datang tepat waktu walaupun sedang hujan,masnya ramah.",Positif,Positif,Positif,5
gak bisa masuk mau belanja sungguh aneeeh tp nyataa,Tidak Ada,Tidak Ada,Negatif,1
membantu sekali aplikasi ini jadi mudah jika mau belanja tapi males keluar rumah,Tidak Ada,Positif,Positif,5
"permudah cara login, masih susah buat dapat otp pembaruan sandi nya",Tidak Ada,Tidak Ada,Negatif,1
sangat bagus untuk digunakan,Positif,Positif,Positif,5
"gagal terus saat check out, udah klik waktu pengiriman dan metode pembayaran, klik lanjut. eh balik ke awal suruh pilih pembayaran dan metode pembayaran smp berulang2 tp ga bisa juga",Tidak Ada,Tidak Ada,Negatif,1
