﻿ulasan,rating
mempermudah untuk belanja tidak perlu keluar rumah barang diantar kerumah dan gratis ongkir pula,5
sangat memudahkan berbelanja saat males keluar rumah,5
malah layar putih setelah mendaftar kan alamat hadeh,1
ayo aplikasi nya bagus pokonya mantap,5
memuaskan.,5
good luck always,5
sangat recomended aplikasi ini bagi yang mager keluar rumah,5
kenapa mau belanja malah disuruh update data terus? udah di save balik lagi update data terus berulang2. back jg ga bisa. sarannya disuruh hapus data/hapus cache tp podo ae gak iso,1
respon cepat,5
"belanja lebih mudah tanpa harus keluar rumah,joss",5
alhamdulillah ngebantu banget bisa hemat waktu terima kasih alfamidi,5
"cuss langsung order, sambil santai dirumah",5
"wooow suka aplikasinya,,, makin sering blnja d alfamidi ,,,,",5
mudah untuk digunakan,5
cepat dan lengkap,5
"aplikasinya bagus,mantap, pokoknya nggak nyesel download aplikasi ini.",5
mantap si apknya kurirnya cepat sampenya,5
bagus bangettt terima kasih alfamidi sudah membuat nya menjadi mudahh,5
the soul of the application is great,5
"aplikasi apa ini gak bisa di pake buat belanja, keranjang nya kosong biarpun di masukin daftar belanja. niat buat aplikasi gak sih error terus kalo login. gak bisa di pake!!!",1
alfamidi kaya warung kaki lima parah jiiir kasir ada 3 yang dipake cuman 1 kaga ada otak padahal karyawannya banyak kalo gua jadi bosnya gua dah pecat tuh karyawan,1
"abangÃ‚Â²nyah ramah sekali,sopan lagi, kalo kata upin-ipin mah terbaik. (alfamidi sentraland)",5
apk yg sangat membantu sekali,5
aplikasi in sangat membantu untuk memenuhi kebutuhan sehari2 tanpa ribet,5
terlalu lama menunggu menginstal aplikasi alfamidi nya,2
"intinya aplikasi gak bisa dipakai, selalu muncul halaman edit profile. berkali2 disimpan tetap muncul lagi halaman edit profile",1
"aplikasi ini sangat bagus, dapat memudahkan customer dalam berbelanja. tinggal pencet pencet sudah, pengiriman nya juga cepat",5
responnya cepat,5
sangat membantu customer dan mempermudah belanja kebutuhan,5
terimakasih atas pelayanannya,5
"karyawan di salah satu toko di gresik tidak jujur, uang kembalian customer sengaja dikurangi",1
keren banget dah ok oke,5
keren ga perlu kluar rmh,5
pengiriman tepat waktu,5
cocok,5
apknya keren belanja dari rumah jadii makin praktis :),5
"cuma stuck di masukin kode otp. selalu tulisannya gagal dimuat terus. udh di uninstal, instal ulang, login ulang, sama aja. kesimpulannya ni aplikasi gabisa dipake. gimana sih developernya nih. ku liat ga cuma 1 kasus loh. niat ga sih",1
sudah terselesaikan dan pelayanan ramah juga saya senang,5
mantaff,5
"aplikasinya bagus banget, dri aplikasi ini kita bisa liat liat barang apa aja yg promo. selain itu kita juga bisa pesan barang lewat aplikasi kayak toko oren gitu. gratis ongkir lagi. uda gitu bisa cek point member kita uda terkumpul brp. pokoknya debest bgt ni app",5
"sangat membantu, memudahkan untuk belanja dari rumah",5
"kerennn. layanan terbaru dari alfamidi, mempermudah dalam berbelanja di masa pandemi",5
belanja online ngk ada menariknya.cuma sekedar belanja dr rumah.brng sampainfk ada promo sepeti voucher .bisa tebus murah.bayar pakai gopay atau shoppe pay dapat pot.masih mending belanja off line.kalah jauh sama klik idm.belum layak disebut belanja online,1
kenapa aplikasi erro,3
the bestt,5
"status pesanan sudah terkirim tapi barang belum sampai, bahkan belum dikirim. kalaupun ada kendala untuk/saat pengiriman, jangan langsung diselesaikan order nya. hampir puas karena ada aplikasi ini tapi jadi kecewa padahal baru penggunaan pertama.",2
bebas ongkir patenn kali,5
sangat sekali di pandemi ini,1
"mau belanja jadi mudah karna midikring, tinggal pilih pesanan siap di antar, ga cape keluar rumah deeeh",5
alfamidi doang lah emng paling good,5
susah amat mau daftar. selalu ada kesamaan data padahal daftar pakai nama suami saya.beda no hp beda alamat email beda nama tetep ada kesamaan data. enakan pake aplikasi indomaret atau alfamart gak banyak ribet,1
memuaskan sekali,5
"suka banget salah satu pengalaman yg pling berkesan saat q lg nunggu antrian pdhl cuma satu orang lama bgt akirnya maz yg jaga kasir sbelahnya blng sama pembeli yg baru mau bayar, ""bentar ya kk biar mbg nya dlu udh dari td"" sumpah seneng bgt pdhl biasanya ksir gtu masa bodo apalagi antrian di kasirnya dia jg bnyk",4
jl raya manuka krajan blok 31 j no 5 tandes sumber rejeki surabaya,5
belanja lebih peraktis tanpa harus keluar rumah terima kasih alfamidi,5
iyesss,5
sangat bagus dan puas,5
terimakasih sangat membantu,5
"ga jelas aplikasinya, wajib isi no ponta tapi di pencet ga mau",3
aplikasi ini sangat membantu dan mempermudah customer untuk blanja online d alfamidi,5
alpfamidi sei silo memuaskan,5
aneh banget gabisa sigh in gabisa login,1
sangat bagus dan sangat membantu,5
kerennn sangat mudah,5
sangat bermanfaat di kala malas bepergian,5
"mantap, gratis ongkir",5
"bagus sekali aplikasinya. semuanya serba jelas, detail. bagus",5
"pengen buat akun member gabisa, katanya ada kesamaan data, lah baru aja mo bikin akun sama kek sapa coba datanya",1
kecewa. alfamidi togid (kab.boltim) kemarin boleh setor aladin 600rb. eh hari ini tidak bisa tarik aladin 100rb.,1
the best midikring,5
narasa,5
"selama menggunakan aplikasi ini saya sangat terbantu dan bermanfaat sekali, fast respon, ketika ada kendala juga fast respon dan pengantarnya ramah (khusus alfamidi labota).",5
aplikasi shop rekomendasi buat kalian semua,5
"pelayananya ramah,cepat,baik dan belanja lebih mudah di rumah saja tinggal klik. pesan barang langsung sampai dan gratis ongkir pula.",5
"recomended buat yang mager keluar rumah, di anter sampai depan rumah,gratis ongkir lagi",5
kurirnya ramah,5
midi kring is the best,5
app pembelanjaan yang sangat mudah dan moderen,5
"belanja, barang gak ada, dicancel pesanan oleh alfamidi sendiri, tapi uangnya beludi kembalikan sampai saat ini.",1
mudah dan membantu,5
aplikasi nya bagus lumayan membantu kebutuhann sehari-hari bila emang lagi mager keluar,5
ini aplikasi super duper membantu saya yang magerr keluar rumahhh .tinggal pesan.barang langsg diantar . terimakasih midikring,5
alfamidi tipar cakung judes kasirnya klu pmayaran pake shopeepay. tolong di training lg. mau bayar pake shopee atau gopay itukan pake duit sm aja. tp kasirnya jutek bilang mksh juga engga. liat wjah sy aja ogah setelah tau bayar pake shopee.,1
alhamdulillah membantu sekali. dimasa pandemi kayak gini. gak perlu keluar rumah. tinggal pencet2 aja barang sudah nyampek rumah dgn aman.,5
"aplikasi yang mudah diakses, dan banyak keuntungannya",5
"aplikasi yang cukup bagus, memudahkan kita untuk berbelanja walau dari rumah, kedepannya sedikit saran tambahin lebih banyak produk didalamnya juga fitur pembayaran lebih lengkap",5
"pelayanan buruk ,pesan dari jam 2 siang , sampe skrg udh jam 19.36 belum juga di kirim, seharusnya klp gak bsa gak usb di terima ,bikin org dongkol aja. kecewa. auto delete apk.nya",1
belanja kaga report dirumah aja,5
"daftar aplikasi susah bgt, gak mau trs, pdhl mw lebih gampang dowload aplikasi, ini daftar aja susah",1
maju terus alfamidi,5
"pengiriman tepat waktu dan sesuai, mantap",5
sangat membantu untuk belanja secara online,5
lebih dekat dengan pelanggan,5
"barang sesuai pesanan,datang tepat waktu walaupun sedang hujan,masnya ramah.",5
gak bisa masuk mau belanja sungguh aneeeh tp nyataa,1
membantu sekali aplikasi ini jadi mudah jika mau belanja tapi males keluar rumah,5
"permudah cara login, masih susah buat dapat otp pembaruan sandi nya",1
sangat bagus untuk digunakan,5
"gagal terus saat check out, udah klik waktu pengiriman dan metode pembayaran, klik lanjut. eh balik ke awal suruh pilih pembayaran dan metode pembayaran smp berulang2 tp ga bisa juga",1
aplikasi belanja terbaik dan sangat mudah untuk berbelanja,5
sangat membantu kebutuhan keluarga,5
aplikasi sangat membantu . blnja jadi lebih mudah & hemat,5
belum pernah pesan . kurang lengkap isinya ?,4
setelah di update kok error nggk bisa masukin barang ke kerangjang belanjaa ini gimana solusinya tolong,1
asik asik asik gak perlu keluar rumah terus dianter kerumah rumah tanpa ongkir,5
"fast response, pengiriman tepat waktu, pasti konfirmasi",5
"aplikasi gak jelas, masak suruh edit data mulu sekali diedit ada kesamaan data, pas mau belanja gabisa, bolak balik ke laman edit data itu mulu. aneehhh",1
"mantap banget apknya, jadi ngak perlu keluar rumah buat belanja",5
"barangnya lengkap, ngirimnya cepet, the bestt",5
pelayanan baik,5
"alfamidi makin keren aja,udah ad aplikasi online nya jadi klw malas belanja di alfamidi tinggal pesan online aja.",5
"sangat membantu, untuk kaum rebahan seperti saya gratis ongkir pula",5
"mantap, aplikasi yang sangat membantu untuk mahasiswa melepas penat dengan cara jajan .",5
solusii tepat saat magerr keluar rumah bisa di anter ke rumah,5
"efisien, mudah, praktis, aman",5
"belanja jadi mudah, terima kasih alfamidi",5
"praktis, mudah, cepat.",5
aplikasinya ga bisa di pake nomor ponta kesamaan data payah,1
sangat2 membantu di masa pandemi skrng.bisa blnja kebutuhan tanpa harus kluar rumah.mksih alfamidi,5
"aplikasi memudahkan belanja dari rumah, pengiriman cepat, nyaman",5
"gokil, apk nya recommend banget khususnya kaum rebahan , belanja tinggal lewat smartphone anda gaperlu repot datang ke toko, apalagi di masa pandemi begini. sangatlah memudahkan anda wahai kaum rebahan , di antar sampe rumah , free ongkir ,buruan download sekarang juga, alfamidi memang paling mengerti konsumen.",5
apik,5
membantu kamu rebahan,5
"mempermudah belanja dari rumah, gratiss ongkirrrrr",5
belanja dari rumah jadi mudah dan fast respon serta harga sama dengan offline. selain itu lebih lengkap ada member digitalnya juga.,5
"aplikasi gajelas gabisa verifikasi login via no hp, selalu ada tulisan gagal memuat pdhl kode verifikasi udah betul. trus daftar pake gmail juga gabisa krn no hp katanya udah terdaftar (yg gabisa login itu)",1
dedet agung,5
"belanja di midi kriing sangat mudah dengan banyak pilihan, promonya, diskonnya, dan poinnya juga bisa dikumpulkan sebanyak banyaknya.",5
setelah isi data diri malah nggak bisa telan tombol lanjutkan gak ada loading dll,1
ribet masa 9 km dri rumah gk bisa di kirim,1
jadi pake ini karena ponta mati,4
berpengalaman,5
"gajelas , mau daftar aje susah ,padahal udah pake nomor yang gapernah dipake alfagift, tetep aja gabisa",1
"saya pernah melakukan pembelian, sering banget pesanannya belum diterima tapi sudah dimasukkan ke pesanan selesai",1
"memuaskan,sengat membantu buat belanja",5
"proses lama gak jelas ini mau dikirim kapan,atau mau dikirim atau nggak udah nunggu 2 jam statusnya masih diproses aja.kalo tau gitu mending pake alfagift",2
aplikasi member terbaik,5
mempermudah akses,5
"gk jelas aplikasinya ,,",1
alfamidi is the best pokonya,5
sangat terbantu dengan adanya aplikasi midi kring ini.,5
"aplikasi yang sangat bermanfaat dan mudah diakses memudahkan customer untuk belanja dari rumah, tanpa harus mengeluarkan biaya untuk perjalanan karena gratis ongkir didalam setiap pembelian mantappp!!",5
cukup membatu sekali serba sibuk gak ada waktu tapi belanja kebutuhan tetap bisa terpenuhi terimakasih midikring,5
"adanya midi kriing memudahkan saya untuk berbelanja,jadi ga perlu ribet datang ke toko,tinggal pilih lalu tunggu barang datang sampe ke rumah",5
jangan lupa sholat,5
belnja lebih mudah dan hemat dari rumah.,5
"alfamidi the best, di masa pandemi bisa antar pesanan coutamer,mengutamakan kebutuhan coutamer,tetep jaga kesehatan,pakai masker,cuci tangan.",5
suksess.,5
"di suruh isi no ponta, di pencet aja ga respon. tapi wajib isi mau pake aplikasi bakal blanja aja ribet mau beli loh ini bukan mintaminta perbaikai donk",1
baik banget sih pkoknya,5
"aplikasi sangat membantu, saya jadi lebih mudah belanja di alfamidi, tinggal klik klik klik , langsung beres",5
pengalaman saya belanja di alfamart sllu memuaskan karna suka sering promo mantapp,5
ketika mau pilih barang selalu balik lagi edit profil begitu terus,2
"lagi pandemi seperti ini ,aplikasi midi kring sangat berguna ,dan belanja juga jadi lebih mudah,jadi kita gx usah repot repot keluar rumah",5
aplikasi belanja online alfamidi.coba dan rasakan manfaatnya.,5
"udh download.udh d masukin k keranjang belanjaan.tpi pas d klik gk ad ap"" d keranjang.aneh gk jelas aplikasi nyaa",1
"pas sdh di update data dan akun langsung error gk bisa masuk, udah coba beberapa kali hapus data/chace install ulang tetep aja sama jdi mending gk usah pake apk nya gk ada solusinya juga",1
mantap kali cukup mantap,5
"tanggal lahir gk muncul jdi gk bsa daftar, gk guna langsung uninstalled",1
"sangat mempermudah emak2 kayak saya , mau belanja khawatir ninggalin anak balita dirumah . tinggal pesan antar deh pake midikring. gratis ongkir pula. recommended.",5
kok sekarang ga bisa beli rokok lwt apk lagi.,2
membantu belanja jadi lebih mudah dan praktis,5
dengan mendownload apk midikriing ini kita lebih mudah berbelanja harga nya pun sangat terjangkau. terimakasih alfamidi.,5
keren aplikasinya. memudahkan sekali . trs gratis ongkir lagii. smoga kedepnnya tambah sukses yaa.,5
midi kring memang luar biasa sukses selalu buat midikring,5
sangat puass,5
apaan si ini aplikasi bikin emosi muter muter terus di ngisi alamat trus kesitu lagi!!!,1
aplikasi nya bagus. cukup membantu untuk berlanja online.,5
aplikasi midikring sangat berguna untuk kebutuhan belanja online anda,5
aplikasi yg cocok buat tim mager,5
saya mnyukai midikring,5
pengen ikut di bungkus kasirnya,5
ini serius poinku 0?? perasaan kalau di struk ada 8/9 ribu deh,1
mudah cepat praktis,5
"alfamidi nih aneh bgt mau belanja tapi gabisa, stuck di edit profil trus ampas bgt",1
layanan aplikasi yg memudahkan saya berbelanja tnpa keluar rumah. ongkirnya gratis,5
"sangaaat bagus aplikasinya, bisa berbelanja dari rumahh dan free ongkirr",5
"aplikasi ini sangat bermanfaat sekali untuk saya dan keluarga jadi lebih mudah disaat pandemi seperti ini, tidak perlu ketoko cukup dirumah saja, praktis sangat membantu, recomended sekali pokoknya",3
sengat membantu,5
sangat membantu sekali untuk belanja via rumah,4
belanja beberapa kali selalu ada barang yang kurang. dikomplain tapi cuma sekali ditanggapi. bukan harga yang dimasalahin tapi kredibilitas.,1
"gimana ya?! kalo d bandingin sama alfgif, bagusan alfagift, ga lemot, gampang pesen online, moga d update lagi, tpi jngn gede"" penyimpanan nya",5
wahh keren banget midi kring. mudah dan cepatt,5
"pesanannya cpt diantar, pelayanannya juga ramah",5
recomended buat yg suka belanja tpi mles kluar rumah.,5
wow keren sekali.,5
"gak bisa entry tanggal lahir, jdi gak bisa bikin akun nya tolong diperbaiki",1
"luar biasa, sangat rekom banget buat di zaman pandemi gini.",5
bintang 10,5
percuma buat aplikasi tapi itemnya tidak lengkap. masih mendingan klik indomaret,1
sangat membantu di masa pandemi,5
aplikasi yang sangat membantu dan praktis buat kaum2 rabahan tanpa harus keluar rumah.tinggal pesan tunggu di rumah .,5
kukira bakal ada perbaikan mengenai masalah registrasi member ternyata ga ada update wkwk,1
ketinggalan jauh sama alfagift,1
"ok, belanja mudah, gratis ongkir",5
best of the best application. uhlalaa,5
setelah di update promonya kurang lengkap barangnya dikit ga sesuai sm di toko.,1
mantaap. eh nggk mantap bangeet,5
membantu banget pas lagi mager,4
"aplikasi ini tuh membantu banget buat aku yang mager keluar. cuma sayangnya, aplikasinya lambat banget. tolong diperbaiki yaa",4
aplikasi eror,1
banyak sekali promo produk nya saya sangat senang,5
sayang sama yang bikin ini aflikasi,5
semoga semakin maju alfamidiku,5
"apk bagus,, produk nya lengkap bisa bayar cod",5
"sejak ada midikring, gak perlu repot-repot keluar untuk belanja, memanjakan kaum rebahan kali",5
apk belanja online terdebest,5
midi kriing sangat memudahkn belanja online hemat biaya dan waktu nih. pengantaran fre ongkir kakak ayo belanja di alfamidi,5
apk nya lemot,1
kalau dah punya akun alfagift gak bisa download,3
aplikasi belum siap rilis untuk sdm rendah,1
sangatt membantu untuk berbelanja di alfamidi,5
mantap berbelanja tanpa keluar rumah,5
"selalu kendala di masuk akun , ke edit di profil mna ga bisa keluar ga bisa jg di save",2
"setelah download ga bisa kebuka katay belom instal apl suport, mksdy apa",2
beli kebutuhan sehari-hari di alfamidi aja banyak promonya,5
"sangat membantu untuk daerah yg dekat dengan toko,makin suka belanja di alfamidi,",5
"kirain gw aja yg ga bisa isi nomor ponta. ga bisa di klik, mau home aja ga bisa, keluar notif edit akun terus, ga bisa close, tp mau edit ga bisa, notifnya ada kesamaan data, tp mau diisi ga bisapun. halahhhhhh. pake aplikasi xxxmart ato indoxxxx aja deh, ga ribettt kayak gini.",1
iya good,5
apk yang sangat bagus dipakai buat cod,5
memberikan kehematan,5
"belanja praktis tanpa harus antri di kasir,pengiriman cepat dan gratis ongkirrrr",5
lemot,3
"suruh konfirm usia tp ga bisa diganti, ga bs belanja kan jadinya",1
"aplikasi terbaik lah,memudahkan saya berbelanja dimasa pandemi ini.tidak perlu keluar rumah,",5
"memudahkan untuk berbelanja tanpa harus keluar rumah,,,mantapp",5
"boro2 bisa dipake. mau regist tanggal lahir, ga bisa. verifikasi otp, ga bisa. trus bisanya apa?",1
"cukup mudah dan praktis tanpa harus keluar rumah tinggal pesan dan pilih apa yang kita mau, pesanan pun akan segera diantar",5
"aplikasi yg memudahkan konsumen belanja. sambil momong cucu, apapun kerepotan dirumah terbantu bila memakai midi kriiiing. beras , minyak habis. buka aplikasi ini. taraaaa. sejam ga sampai sudah ddpn rmh. mantaaabbblah. selalu di konfirmasi, cepat banget. ga repot lagi.",5
terimakasih,5
mantul kali. bisa belanja dan gak harus keluar rumah.,5
bisa liat update promo berjalan,5
ribet banget perkara member. padahal udah terdaftar nomornya di ponta alfagift. sama-sama alfa group padahal tapi gak sinkron otomatis. suruh hubungi cs. cs nya pun responnya lama banget.,1
midi kring bermanfaat bagi yg mageran mau keluar rmh,5
sampah. mau belanja gimana disuruh edit akun mulu,1
andai point. bisa langsung di belikan dengan produk yang tersedia~ terus ngapain harus download alfagift juga kalo saya punya aplikasi alfamidi kring??? kalian kan setoko apa pisah si?? aga ruwet yaa. claim point nya,4
banyak promo menarik,5
sangat membantu. blanja jdi lebih mudah dengan apk ini,5
pengiriman nya cepat dan lang di proses,5
belanja puas hargat hemat,5
belanja jadi mudahhh,5
semoga harga promo bisa sama dengan ofline saat jsm atau hap,5
memudahkan berbelanja dri rumah dan lebih hemat,5
pengiriman cepat gratis ongkir,5
"belanja puas, harga hemaaat",5
gampang buat order dan gratis ongkir,5
sy akan menggunakan aplikasi ini.,5
sangat membantu untuk saya yg intropert,5
"setelah update app minta edit profil terus, sdh coba hapus cache dan data tetap sama.",1
"pelayanan lama, pengantaran lama , toko di chat tydak balas, datang lewat dari jam estimasi, chat di wa jarang dibalas mending pakai alfa sebelah jangan alfamidi, perbaiki pembelian via onlinenya ga banget",1
"baru pertama kali mau coba belanja pakai aplikasi midi kring , udah daftar pas mau lihat produk2 nya malah ga bisa masuk ke halaman nya .kecewa .mending unistall lagi -_-",1
memudahkan ibu rumah tangga seperti kami untuk bisa order dari rumah. keluarga terlindungi kebutuhan tercukupi. thank you alfamidi,5
aplikasi yg sangat membantu disaat males belanja keluar dan tidak pusing mikirin ongkir karena sudah gratis ongkir dan banyak promo nya juga.,5
pengiriman nya cepat dan tepat barang serba ada dan komplit,4
aplikasi yang sangat bagus dan membantu di saat pandemi seperti ini,5
good sarana belanja yg makin praktis,5
bagus cuukk,5
"sejak aplikasi d perbarui mala makin jelek jaringanya,, setiap mau buka aplikasi gagal terus, coba lagi2. mhon cpat d konfirmasi ulasan pelanggan biar kita sma2 nyaman berlangganan d alfamidi.",1
hemat tanpa ongkir yuk belanja online di midi kriing,5
mau daftar masukin otp error terus. gagal memuat. silahkan coba kembali. bagusan alfagift dah,1
aplikasi nya sangat bagus mas masnya juga ramah kalau nganterin,5
kelazz pakai z,5
aplikasi ini sangat bagus dan pengirimannya gratis ongkirrr,5
(y),5
sangan bagus,5
bagussssssssss,5
"cuman minimal belanja 50k sudah gratis pengantaran,sangat membantu untuk kaum magerr seperti sayaa",5
midi kring membantu kita sangat di saat pandemi ini,5
udah masukin di keranjang pas mau beli eh ga bisa,2
lebih mudah dan paling bagus,5
"sudah bisa nih. tapi, kalau dibandingkan alfagift. masih ketinggalan ya, untuk pilihan pembayarannya.",4
"payah, applikasinya, nentuin posisi pengantaran ajjah langsung blank putih",1
josss kualitas baik,5
"aplikasinya keren sangat bermanfaat, belanja jdi lebih mudah tinggal langsung klik, pengirimannya juga cepat",5
aplikasi yg membantu,5
pesan apapun jadi mudah dengan aplikasi midikriing,5
"status pesanan sudah di kirim tapi barang belum di terima,malah di suruh refund aneh",1
mudah digunakan.,5
setelah pembaruan malah tidak bisa dibuka,3
aplikasi taek,1
bisa belanja cod,5
"diminta no ponta, ok daftar, eh dibilang ada kesamaan data. aneh bgt",1
ini ko lemot banget. tlong diperbaiki.,5
"belanja di alfamidi tropodo enak bisa nolak customer,,, belum lagi klo belanja rokok sekitar jam 10 pm kurang sudah gk pakai struk belanja",1
"udah upgrade. tpi tiap buka aplikasi suruh edit data, mau masukin nomer member tapi kolom nomer member nya ga bisa diisi.",1
di aku kok gabisa di buka ya padahal mau beli bug di edit akun,4
belanja lebih mudah gratis onkir lagi,5
perbaiki aplikasinya.lengkapi di bagian menu pencarian tanda x untuk menghapus,3
"sumpah,,, susah banget buat daftar",1
aplikasi yg sangat membantu dan mempermudah untuk belanja sacara ol,5
"untuk sementara saya kasih bintang 1 dulu karna saya sangat kecewa dengan batas pembelian produk masah sih belanja 50k ke atas baruh bisah di pesan developer midi kriing tolong yahh di kurangi batas pembelian di aplikasi dan juga produk"" di dalam aplikasi kurang lengkap mohon di lengkapi produk""nya di dalam aplikasinya klau 2 saran yang saya sudah di setujui baruh saya kasih full bintang 5",1
episien dan cepat dapat,4
mudah digunakan,5
uwaw.! terbaiks,5
sekarang lebih mudah untuk belanja dialfamidi dong.,5
sangat membantu dalam saat mager belanja,5
"bikin emosi gila, aplikasi super duper lemot,, giliran bisa check out sudah bayar,, eh dicancel mulu sama toko",1
belanja di midi kring sangat memuaskan dan memudahkan berbelanja dirumah.,5
aplikasi tidak berfungsi dan suka keluar sendiri,1
belanja puas,5
aplikasi joss,5
recomended,5
mantul nih buat kaum rebahan.tinggal klik tunggu barang sampe rumah,5
recommended buat kebutuhan sehari hari anda smg midi terus tingkatkan pelayanan buat rakayt indonesia .instal gaes,5
sangat puas belanja d alfamidi,5
sangat puas mudah belanjaannya pokok happy bangat jadi gak usah repot lagi kluar rumahh,5
aplikasi apa'an udh order di mintak lagi ketika cus pembatalan gk bisa,1
"promo ofline nya samakan dong dengan yg online,,, gomart aja bisa sama",5
jadi solusi pas mager,5
aplikasi belanja termudah dan banyak promonya,5
udah transaksi pake member digital tapi poin membernya nggak bertambah. padahal baru di update,3
gagal memuat setelah dapat otp,1
"ini gmn sih ngubah data kok g bisa??? skg jg g lengkap barang2nya, semakin kesini kok semakin ga jelas gini",2
"belanja lebih mudah, gratis ongkir juga cocok bagi kaum mager",5
"terimakasih alfamidi belanja lebih mudah jadinya ,gratis ongkir lagi",5
daftarnya susah gx jelas,1
sangat mudah di akses . pelayanan terbaik,5
alfamidi semakin inovatif,5
pesanan hampir 2 jam tidak di proses,1
sangat cepat dan tepat waktu,5
cukup baik,5
yang bener aja dong alfamidi saya saat lupa password dan ingin mereset password tersebut kenapa kirim otp ke akun email orang lain bukan email saya .?? ini kenapa sih maksudnya alfamidi .?? mau memanfaatkan kelengahan konsumen .?,1
membantu untuk belanja dari rumah,5
pelayan cepat dan ramah,5
karyawan nya ramah,5
wajib isi no ponta tp di klik gabisa2,1
"wowww amzing, sekarang lebih mudah belanja di alfamidi, bisa sambil tiduran aja nih trus ga lama barang pesanan datang deh. makasih alfamidi, sukses selalu",5
"last update app midi kriing, rada kacau flowcharts programnya, tidak bisa isi nomer member, yang ada pop up sudah terdaftar di alfagift tapi tidak bisa input nomer membernya terus di bilang alamat email dan nomer hp sudah terdaftar di alfa gift, pas login di app midikriing, kagak bisa masuk, wrong phone number susah masuk ke app midikriing. segera di perbaiki, lebih baik data pelanggan app alfagift itu di pisah dengan data pelanggan app midikriing.",1
pengiriman cepat. respon bagus terimakasih .,5
aplikasi apaan nih. login gk bisa. payah,1
mantap mempermudah belanja,5
kurirnya ramah dan pengiriman nya jga gratis ongkir,5
sangat membantu untuk transaksi online,5
masih banyak bag dan minus,1
puas untuk pesan di sini sangat cepat dan mudah,5
mantap sekali apps,5
aplikasi nya gampang dan mudah di pahami.harga produk produk nya sangat terjangkau dan gratis ongkir juga lgii,5
gak perlu repot repot belanja dari rumah sudah pasti bisa,5
"belanja gamake ribet,langsung antar jossss barang aman passsss",5
"mantap, belanja jadi mudah banget",5
belanja puasa harga hemat,5
halah mau log in aja ngebug mulu kaga bisa dipencet. lame!,1
gagal memuat,1
mannnntabb.,5
aplikasi yang sangat meringankan ibu2 mager,5
mantap semoga semakin.maju,5
mau daftar gara-gara no hp sudah terdaftar di alfagift jadi gak bisa. payah. gak semua orang punya 2 nomor ya.,1
"suka bgt sama aplikasi ini karna gaperlu cape2 keluar rumah, pengantaran juga cepet, barang lengkap pula. layanannya ok bgt. makasih alfamidi bikin app ini jadi memudahkan. alfamidi semeru bogor barat ter the best",5
ngebug huu,1
semenjak ada midikring saya jadi happy bgt belanja apapun ga perlu ke toko lagi.seneng bgt jaman sekarang,5
beli rokok sudah tidak bisa lagi. uninstall,1
alhamdulillah dengan adanya aplikasi ini bisa belanja sambil rebahan,5
aplikasi ringan promo menarik diantar langsung ke tempat yang kita inginkan tanpa ongkir pengantaran cepat personil yg mengantar menarik secara penampilan dan ramah pembayaran tunai bisa menggunakan kartu member,5
bagus,5
josssss,5
"terlalu lelet aplikasinya tiap masuk selalu ke bagian akun, mau pesan tidak bisa, mending jadiin sayu sama alfa gift aja",1
aplikasi sangat bagus dan sangat kompeten,5
pelayanannya cepat sama responnya juga,5
sudah 2 akun gmail dan 2 nomor telfon yang saya coba daftarkan tetapi selalu gagal di tahap pendaftaran dan saat saya mau melakukan pendaftaran ulang balasannya akun email atau nomor telefon saya sudh terdaftar di akun lain. apakah aplikasi ini dibuat untuk mencuri data nomor telfon ataupun akun gmail orang??? aplikasi yang sangat buruk,1
apk yang sangat bermanfaat.belanja dari midikring ini cepat sampai dan aman sampai tujuan,5
aq awal nya coba2 . tp malah ketagihan.mantap,5
ok bagus,5
"apk gak jelas. suka error dan gak bisa balik ke menu utama. setiap buka selalu minta syarat no yg terdaftar, padahal sudah didaftar.",1
belanja makin mudah dengan aplikasi midi kriing,5
"selalu gagal memasukan kode otp, sudah di coba berulang-ulang tetap tidak bisa. tolong diperbaiki lagi!",2
sangat membantu ketika lagi repot. tinggal klik mana yang mau dibeli. bisa request jam pengantaran lagii.,5
sangat mudah berbelanja dri rmh,5
mantap sekali,5
"lucu. masukin barang berkali kali tapi keranjang tetep kosong, uda uninstall install ulang logout login lg ttep ga bisa ga ngerti lg kenapa nya itu aplikasi alfamidi",1
terimah kasih alfamidi telah mempermudah ku untuk belanja.,5
"tolong dong sistem pengisian pulsax d tinjau ulang. ini udah kali ke 3 sy ngisi pulsa d alfa midi, tp pulsax sukses masuk bgtu d cek trnyata gk ada pulsa yg masuk. laporan duplikat sukses. masa iya bisa gitu?",1
"kenapa harus buat member? saat buat member, katanya ada kesamaan data. gak bisa ke home. sewajib itu kah member? gabisa belanja tanpa member",1
"saat daftar di klik susah bangett! saya mau mengisi alamat email malah kembali ke nama lengkap. gimana sih yang bikin, apk mohon di perbaiki lagi dong! masih banyak banget bug nya kaya aplikasi setengah jadi aja",1
gak ada rokok payah,1
mantsaap,5
setelah update jadi tolol aplikasinya,1
sukses selalu alfamidi,5
belanja lebih mudah dan aman,5
"gajelas banget baru download, kok dibilang kesamaan data",1
midikriing mempermudah belanja dri rumah,5
mantap. belanja nya dari rumah aja,5
barang belum terima tapi sudah ada keterangan telah terima dan pesanan selesai,1
mengecewakan,1
sangat membantu tdk perlu lagi capek capek keluar rumah,5
pelayanan baik dan sangat bermanfaat,5
"gk jelas sekali ketika memasukan tanggal lahir selalu tidak vaild , itu pun mencari bulan tahun sangat ribet",2
sangat membantu saya dimasa pandemi seperti ini terimakasih alfamidi,5
wenakkk,5
aku dan keluarga selalu berbelanja kebutuhan sehari-hari menggunakan midikring. trimakasih alfamidi,5
mantap beut ni apk,5
pesanan sudah dibayar tapi keterangan belum dikonfirmasi. malah dapat notifikasi utk segera melakukan pembayaran. padahal dana sudah terpotong.,2
mudah bsa cek harga lewat sini tdk akan salah lagi harganya,5
"beda banget sama alfagift, disini setiap pesen stoknya pasti kosong. hari ini pesen 2 jenis gula, di wa karyawan gula a kosong trus saya minta ganti gula b, dibilang kosong juga disuruh beli gula c. heh klo emang kosong ya diupdate dan dikasih tau dari awal. saya minta pembatalan, pas cek di aplikasi itu gula masih aja nongkrong ga dihapus stoknya mana pengirimannya lama banget",1
alfamidi mantaaapppp,5
pelayanan nya bagus cepat respon dan mudah apalagi utk toko klambir v,5
cara membatalkan pesanan nya bagaimana?,2
alfagift & midikring apakah berbeda perusahaan. login sudah ganti email 2 kali tidak bisa masuk juga.,1
waw gratis ongkir,5
"saya beri bintang 5 pada aplikasi midi kriing karena betul betul real sangat praktis bisa berbelanja dengan sekali tombol klik klik klik , kranjang belanjaan yg kita beli siap diantar ke rumah, trimakasih sudah hadir ditengah zaman yg serba digital di smartphone ku tidak hanya itu harga dari semua produknya banyak diskon an dibanding harga biasanya jadi pengen belanja terus lewat midi kriingggg, lagi lagi dan lagi",5
tebaik,5
"mantap, belanja jadi lebih mudah dan hemat dengan midi kriing",5
dengan adanya apps midi kriing sangat membantu karna bisa belanja dari rumah tanpa ongkir. dan bisa cek promo yang sedang berjalan juga. apps terbaik,5
"percuma download, tapi sering ngefreeze saat login, aplikasi belum layak di gunakan tapi sudah di luncurkan",1
no ponta ada kesamaan data,1
mantullllllllll,5
lebih mudah belanja dari rumah,5
mantappo,5
"mantap,memudahkan konsumen berbelanja",5
"sangat membantu sekali di saat pandemi,dan respon cepat",5
"aplikasi yg sangat bagus, krn kita bisa berbelanja tanpa harus keluar dari rumah.",5
tempat belanja terbaik,5
indah sekali,5
belanja dialfamidi terdekat bisa langsung diantar,5
mantapppp mennn,5
praktis dan lengkap barangnya,5
terproses secara baik,5
"keren, lebih maju skrng yah",5
"tolong di setiap gerai alfamidi di surabaya timur di kasih motor untuk pengiriman pesanan midi kring,bukan pakek motor karyawan",1
"lebih mudah berbelanja dan tidak perlu harus keluar rumah,,kerem keren",5
"aplikasi nya eror, ini mau masuk aja orang gak tekan edit akun malah ke buka it mulu, lagi nyari produk malah gak ada semua produk nya, apk nya juga keluar sendiri tolong perbaiki",1
min mau tanya kalo redeem poin d alfa kan harus pake pin .itu cara reset pin nya gimana d apk alfamidi ini???,5
"lumayan bagus sih pernah pesen 1 kali bner di kirim,tapi skrg klo mau belanja minyak nggk bisa ya. nggk tertera gambar sama harganya malah cuma ada bacaan belum ada data. udh 3 hari ini kaya gitu terus",4
aplikasi nomor 1 jos,5
"aplikasi sangat lambat walau mengunakan wifi. produk yg tercantum tidak lengkap tidak ada menu untuk barang promo, saat pencarian produk yg muncul hanya beberapa item padahal yg dijual banyak. tolong aplikasi ini di kembangkan sesuai kebutuhan pelanggan dan kenyamanan",2
sengat memuaskan pelanggan.,5
makin mantap dan lebih mudah di alfamidi,5
"aplikasinya eror tolong segera diperbaiki, saya buka aplikasinya selalu ke halaman edit profil terus menerus jadi ga guna aplikasinya",1
puas dengan app nya,5
alhamdulillah berkat midikring saya lebih mudah untuk berbelanja,5
"belanja lebih simple, akurat dan jelass sampe tujuann, terimakasih",5
mau bikin member ribet.,1
"mau daftar aja susah banget, ada aja kendalanya. baru ini daftar aplikasi sesulit ini kode otp error ga bisa input, udah pake 3 nomer, 3 email masih ga bisa juga ampun dah",1
pelayanan sangat bagus,5
perfeck,5
padahal senang menggunakan app ini sangat terbantu. tetapi apk sangat lambat selalu pesan barang selalu tecancel otomatis,1
aplikasinya mantap,5
pengantar cepat sesuai waktu,5
"pesanan pertama okelah, meskipun chat pake wa pribadi karna fitur chatnya gak bisa dipake",4
"sangat recommended apk ini apalagi dimasa pendemi saat ini belanja kebutuhan rumah jadi lebih mudah,tidak dikenakan ongkir lagi wahh mantul pokoknya",5
"saya kecewa banget dengan aplikasi nih, baru pertama juga, katanya email sudah terpakai, nomor ponsel sudah terpakai, isi nomor membernya juga gak bisa, maunya apa sih, bukan mempermudah malah mempersulit, tolong yah untuk adminnya, mohon cara penggunaannya harus gampang yah",1
"mau daftar katanya nomor telfon udah terdaftar, mau login nomor telepon belum terdaftar anehhhhh",1
"pengiriman gratis ongkir sangat membantu untuk belanja keperluan sehari-hari,belanja dengan mudah,cukup dari rumah pesanan akan sampai.memudahkan untuk cek promo yang sedang berjalan",5
gausah sok mau bikin belanja online kalo aplikasinya ga beres. geblek!!!,1
semoga kedepannya lebih baik lagi baik,5
pengiriman sangat labat pesan dari pagi sampe sore baru di kirim padahal disitu tertera pengiriman jam 8-11,1
"tidak bagus no saya yg suda terdaftar di alfagif tdk bisaterdaftar di midikring ini, ya anya di castamer servis midikring tidak di respon",1
"aplikasinya banyak kekurangan, pegawai alfamidi lelet kerjanya",1
aplikasi nya bagus mempermudah untuk belanja,5
barangnya lengkap banget dan bisa nyampai di depan rumah/kantor meskipun rumah di gang sempit. apalagi pelayananya ramah2 dan dopan. pokoknya thebest lah,5
sangat baik bisa sangat membantu saat pandemi,5
minyak goreng gk pernah ada update stock.,2
"bagus banget aplikasi nya,cuman mohon lagi kalo jam pengantaran nya di perlama lagi agar bisa bebas blanja jam brapa pun",5
mntabb,5
jelek sekali apk nya baru masuk apk dah bikin kesel,1
sangat direkomendasikan,5
sangat membantu dan memudahkan berbelanja dari rumah,5
gaada fitur lacak dan chat. toko kirim suka suka padahal udah nunggu berjam-jam. jelek bgt,1
memudahkan berbelanja online tanpa perlu bayar ongkir,5
apliaksi belanja online recomended banget,5
midi kring sangat membantu dalam masa pandemi ini.,5
pengiriman lama,1
sangat recomendasi aplikasi alfamidi kring di masa pandemi,5
aplikasi yg sangat membantu dan mempermudah belanja dari rumah disaat males keluar rumah,5
sangat memuaskan dan simpel,5
aplikasinya gila susah bgt msk hari ini. rusak apa gangguan apa gmn. cs nya dtanya ga da yg respon,2
"apl midikring, sangat membantu sekali",5
"tks app ini sangat membantu sekali, memudahkan untuk berblanja tanpa keluar rumah apalgi saat pandemi seperti ini. alfamidi joss",5
great,5
"mudah digunakan, praktis untuk berbelanja keperluan sehari hari",5
"mntpp pokonya buat yg pgn belanja tapi mageran keluar kek aku, pengirimiannya cepet, udh gitu gratis ongkir lgi",5
membantu banget jika malas keluar rumah,5
kaga niat bikin apk apa gmna si gblk ngelag amat tolol,1
"apknya sangat berguna, belanja pun makin mudah",5
"sangat membantu sekali dan pengiriman nya selalu sat set , pokoknya mantapp",5
aplikasi yang sangat membantu konsumen,5
"aplikasi gak guna. pesan jam 10.00 tidak dianta-antar, hubungin admin terus sore jam 5 datang dari alfamidi terdekat pegawainya marah2 dimarahin orang pusat katanya ada laporan, lah sebagai pelanggan saya harus gimana? masa disuruh datang langsung gunanya aplikasi buat apa katanya buat pengantaran???",1
"aplikasi ini sangat membantu buat belanja kebutuhan dirumah, jd gk perlu keluar rumah",5
"sangat menarik memudahkan untuk berbelanja , bagus poll !",5
"saya pesan sudah 3 hari tidak dikirim, tau tau sudah masuk pengiriman selesai padahal barang tidak diterima. hubungi cs di aplikasi tidak ada respon. tolong dibantu proses refund ya. saya harus kemana ini ? payah.",1
aplikasinya sangat bagus terimakasih alfamidi sangat membantu,5
sangan membantu saya,5
mau belanja mudah dan aman? #midikringaja,5
pesanan lama sampai,1
belanja lebih mudah dan ga ribet dari rumah plus gratis ongkir,5
sekarang jadi gampang mau pesan dari rumah. pengantarannya juga cepat,5
bintang 3 aja karena apliksi masih banyak kurangnya.tolong segera diperbaiki terutama untuk pesanan status batal.,3
ketika butuh sesuatu dan ngga bisa keluar rumahhh. langsung ingat midi kriing yg siap antar kapanpun dan sangat membantu sekali. terimakasiihh alfamidi,5
"ni aplikasi bagus bgt kalo ga ngelaggg njirr, perbaiki napaa lelett bgt apknya ni, tekan ini itu gabisaa udh diuninstal jg sm ajaa",1
pengiriman cepat ga kena ongkir,5
"kalau udah di kickout kenapa selalu muncul page edit profil, ga bisa d apa2 in back juga ga bisa. masa iya harus reinstall! benarin gih di iphone xr",1
mantap ngga usah ribet ngantri sekarang tinggal buka hp terus pilih barang yg kita mau,5
sangat membantu dan gratis ongkir pastinyaa,5
boleh tambahkan fitur mode gelap diaplikasi? dan boleh diperbanyak produk indomie atau mie sedap? dan kalau bisa aplikasi diakses tidak perlu harus nyalain gps itu saja ya min saya harap ada ya.,5
belanja dari rumah lebih mudah dan tidak ada ongkir sma sekali,5
"belum ada fitur saldo digital / dompet digital sebut saja misaly alfamidipay, apabila ada kejadian belanja online nya mengalami pembatalan bagaimana proses retur uang nya ?? kemudian update ketersediaan setiap lokasi alfamidi gak up to date , misal ketersediaan krupuk di aplikasi alfamidi ada tapi di toko real gak ada, jadi mengalami batal beli padahal sudah bayar digital, malah aplikasi gak ada fitur retur pula",3
"bermanfaat sekali aplikasinya, walaupun di situasi pandemi kita bisa berbelanja sekaligus mematuhi protokol kesehatan karena ga perlu dateng ke tokonya langsung",5
"wah alfamidi kerennsekarang cuma di rumah ajah kita udah bisa belanja semua kebutuhan,apa lagi di masa pandemi ini,mantapppkringkringkringg,pakeeet",5
"udah lama pesan barangnya (dari pagi) dan udah berubah statusnya (terkirim) tapi gak sampeÃ‚Â² sampe sore, pdhl jarak tmptnya dekat dari kosan. lagi butuh barang bgt krn lagi sakit.",1
sangat rekomendasi untuk belanja kebutuhan keluarga,5
aplikasi sangat lemot,1
very good very well aplikasi midi kring well,5
semoga makin sukses dan maju.,5
"aplikasi nya keren banget, gak perlu repot keluar rumah. tinggal nunggu dirumah aja pesenan langsung di anter dan bebas ongkir, sangat membantu saya terimakasih ya alfamidi",5
"sangat membantu, untuk aku kaum mageran. thank midi",5
sangat recom sekali,5
mantul,5
belanja jadi gaperlu keluar rumah,5
bolak balek sendiri ke profil. susah lanjut. gini amat dah. cacat,1
sangat membantu dalam kondisi saat ini. di mana kita harus mengurangi berpergian keluar rumah. mantap.,5
memudahkan customer berbelanja online dari rumah,5
"aplikasi merepotkan, baru daftar udh ga bisa karena ada kesamaan data, sebelumnya udh download alfagift tapi toko nya ga lengkap, ga bisa ganti toko. nanya alfa midi deket rumah disuruh download midikring tapi ga bisa masuk2. masih sama-sama alfa tapi repot bgt apk nya beda2. udh komplen juga responnya ga ada solusi",1
pelayanannya sangat baik,5
adhityofirdausputra,5
"baru pertama kali coba ehh uda mengecewakan, barang yg dipesen pas datang gk sesuai. harusnya kalo stok kosong di infoin dong, jgn asal masukin barang yg serupa. saya pesen bakso sapi so good yg datang bakso ayam so good sama indomie goreng jumbo spesial yg datang indomie jumbo biasa, harusnya kabarin dong kalo gk ada jgn main kasih aja, selera org kan beda meskipun serupa gimana sih.",3
aplikasi apaan ini udah instal ga bisa di buka,1
mantulllllll,5
"rekomen untuk yg mau belanja tapi males keluar rumah,bisa di antar sampai depan rumah dan gratis ongkir",5
aplikasi yg bagus untuk belanja online gratis ongkir,5
bekerja di toko,5
"akun saya malah di suspen setelah update apk , muncul menu edit terus , ada kesamaan data",1
bermanfaat untuk masyarakatt,5
gagal terus masukin kode otp,1
wow sekarang lebih mudah belanja di alfamidi gak usah keluar rumah lagi pesan langsung datang top lah buat midi kring semoga sukses selalu buat alfamidi aminn,5
belanja dirumah tanpa ribet tentunya praktis,5
"ini kenapa mau ngedit akun ga bisa terus ,,harus menyertakan no ponta trus,,kan saya slah msukin email,,,trus dstu data sama trus mau diganti ga bisa""",3
"apk nya keren bngt,kurirnya jg ramah""",5
"udh gw kritik jalan 2 minggu tdk ada perbaikan, buat apa elo bikin aplikasi nyampah gini. yg jelas selalu minta edit akun berulang2. stupid ya kalian",1
sangat bermanfaat dikondisi pandemi.,5
mantaaap banyak promonya,5
lebih memudahkan kita dalam berbelanja secara online,5
berguna banget untuk ank2 kosan yg jarang keluar2 dari zona nyaman. bisa juga buat beli token njirr. josss lahhh,5
muncul alert kesamaan data tidak jelas,1
apk ini sangat membantu kita belanja kebutuhan sehari hari tanpaharus datang ke toko,5
wahhh apk nya alfamidi ni jd buat beli buah potong ga perlu beli keluar,5
"aplikasi jelek, terakhir coba order.tapi satu jam belum ada konfirmasi. klo gk sanggup siapkan karyawan yg siap jalankan sop mending gk usah buat kurir2an. sok2an ikutan perkembangan zaman tapi sdm gk siap.",1
mau belanja online aja repotnya minta ampun. berkaliÃ‚Â² masukin keranjang malah gak bisa lanjut buat order. tiba di cek lagi malah barang orderan gak ada di keranjang(keluar sendiri) . buluk banget ini apknya gak membantu.,1
terima kasih midi kriing,5
cukup membantu aplikasinya untuk belanja keperluan sehari hari,5
tinggal klik tinggal tunggu barang nya dateng .,5
belanja online di alfamidi ku aja,5
joosss,5
tidak bisa registrasi,2
semakin dekat belanja kebutuhan rumah tangga,5
alfamidi keren. mempermudah pelanggan untuk berbelanja disaat pandemi seperti ini.,5
sudah daftar tapi terkendala di ponta,1
jelek sangat lemot masih bagus versi lama,1
aplikasi tergoblok yg pernah q pakai.jauh lbh bagus alfagift,1
sangat membantu belanja online dimasa pandemi ini. rekomended bgt buat yang malas keluar rumah.,5
aplikasi sangat memudahkan berbelanja,5
belanja lebih mudah gratis ongkir pula,5
langsung nyobain tadi belanja pake app ini. appnya lemot. tapi respon pengiriman cepat. tolong dipertahankan. kalo pesan di alfagift appnya cepet tp pengiriman super lama nunggu 2jaman baru sampe,4
mau login gk bisa,1
lebih mudah,5
"setelah di upgrade, kenapa malah lemot sekali yah? ngga bisa masukkan barang ke keranjang, loading terus.",1
belanja lengkap pelayanan memuaskan.,5
"mantap sekali ,ndk perlu maki lagi keluar rumah untuk belanja di alfamidi cukup diam di ruma, na bawakanki pegawainya alfamidi barang pesananta",5
"di midikriing belanja kebutuhan rumah,gratis ongkir.",5
kok pengiriman tidak cod,5
belanja cepat dan mudah,5
hp tidak di root tapi terdeteksi sbg hp yg di root,1
aplikasi gak jelas masak daftar pun gak bisa klok gitu ngapain aplikasi nya dibikin coba,1
bagus cepat murah,5
responsif,5
"apk tergaje niat daftar malah gabisa2 pas minta kode ponta kesamaan data mulu,uda chat cs yg di wa gaada respon parah sih!",1
aplikasinya sak jose pokoke recomended bgt uyy,5
"setelah ada update, ketika buka aplikasi selalu diarahkan ke halaman login. dan setelah berhasil login, apk langsung tertutup. sudah komplen ke alfamidi, cuman disuruh clear cache dan install ulang, dan tetap tidak bisa dipakai. tolong alfa, crash ini diperbaiki",2
lebih nyaman dan mudah,5
aplikasi monyedd otp udh masuk input udh bener malah gabisa2 masuk setann. ampe 5x ganti jg gamau panteqq. orang mau belanja malah ribet bgt monyeeddd. ga efektif!!!',1
kurirnya ngechat diluar kepentingan sampe ngefollow ig,2
aplikasi terthebest,5
sangat praktis,5
"aplikasi yg bagus, dpt memudahkan belanja tanpa hrs kluar dri rumah serta barang yg nya pun lengkap",5
bisa bisa bisa wkwkwk,5
