﻿tanggal,ulasan,rating
11/6/2024,"PENIPUAN !!! Transaksi dibatalkan tapi uang tidak kembali,",1
11/5/2024,Mantap,5
11/5/2024,Kalau dah punya akun alfagift gak bisa download,3
11/5/2024,Bingung,5
11/4/2024,"Bagus aplikasinya, tapi sayang sekali di kabupaten saya tidak ada untuk pengantaran.",5
11/3/2024,saya tunggu barang saya ga di kirim saya chat toko ga di respon. pelayanan macam apa ini. kalo ga sanggup layanan pesan antar harusnya ga usah ada itu pelayanan. tokonya di chat ga respon juga saya tunggu dari siang sampe malam barang ga ada,1
11/3/2024,"Tolong diperbaiki bug ketika memasukkan produk di keranjang dari menu ""Produk Favorit"". Setiap atc, akan muncul icon loading (mohon tunggu sebentar) terus.. dan akhirnya aplikasi harus diforce close agar bisa dikendalikan lagi.",3
11/3/2024,"sumpah mau daftar aja ribet bgt,ga kyk apk sblh.. mau blja daftar nmr aja udh cukup..",1
10/31/2024,Bagus bangetttt,1
10/31/2024,Saran sih untk COD minimal belanja 50k terus untuk pembayaran lwt gopay dll nggak usah ada minimal belanja atau tidak minimal belanja 20k ajah,3
10/31/2024,Sebenarnya aplikasi sudah lumayan bagus karena bisa digunakan pembayaran kartu dengn minimal pembelanjaan yang terjangkau yakni 50k. Namun sayangnya aplikasi sering lemot untuk membaca lokasi hingga sulit utk login ke menu utama ini sekarang bayarbpakai kartu koq ga pakai otp ya? tiba2 transaksi sudah di otorisasi sendiri..,5
10/30/2024,"Kesel banget, ngga bisa dikirim ulang untuk nomor membernya. Tolonglah, diperbaiki lagi. Manusia bisa aja lupa kode nya brp, ini malah ngga bisa di ketik juga. Pas di klik ok juga katanya membernya udh ada. Developer untuk midi kring tolong di tingkatin lagi!",1
10/30/2024,Tolong untuk daftar kartu,5
10/30/2024,Daftar doang ga bisa bro? Aplikasi aneh,5
10/30/2024,Selalu gagal mendaftar,5
10/30/2024,"Pengiriman lambat sekali, harus chat karyawannya, baru direspon. Pernah akhirnya ambil sendiri, karna katanya ga ada motor, tunggu shift 3 datang. Voucher dapat dr WA jg ga bisa digunakan di toko",1
10/30/2024,baguss,3
10/29/2024,Saya pelanggan Midikring yang sering belanja online dulu pengiriman selalu ontime sesuai waktu yang dipilih. Tapi terakhir ini order lamaa tidak di konfirmasi tiba2 dikirim saja tapi lewat dari waktu yang dipilih. Haloo pihak Midikring tolong di perbaiki sistem pengiriman nya pelanggan memilih waktu supaya cocok bisa langsung menerima pesanan. Kalau tidak intime kadang dirumah tidak ada orang yg menerima pesanan akhirnya ditarok begitu saja didepan teras sangat tidak profesional ya.,1
10/29/2024,Kembangkan lagi untuk bisa order buah per gram nya karna Alfamidi kan terkenal akan buah²an nya yg segar,5
10/29/2024,terimakasih midikring. pelayanannya luar biasa. 07:22 order 08.00 pesanan udah sampai rumah.. next order lagi..,1
10/28/2024,good,1
10/28/2024,"Baru pertama nyoba, tapi pwngiriman lewat estimasi, belum sampai sampai juga barangnya",2
10/27/2024,APLIKASI BUSUKKKKK,5
10/27/2024,Sangat memuaskan,3
10/27/2024,Belanja jadi lebih mudah Tinggal klik barang diantar Good job alfa,5
10/26/2024,Minta di perbarui di ikuti tapi ko ngga bisa ke buka lagi kan syng poiinku sdh bnyak,5
10/26/2024,"Susah pencarian barangnya, hdehh...",5
10/25/2024,"Akukan baru buka aplikasinya setelah pembaharuan update nih, tapi akun aku nggak bisa login sampai sekarang. Nggak jelas aplikasinya masa nggak bisa login",1
10/25/2024,Saya dapat voucher dari WhatsApp Alfamidi tapi kasir gak bisa cara memasukan code nya. Sama aja gak guna vouchernya padahal berlakunya voucher masih lama.,1
10/25/2024,Barangnya komplet dan pengiriman juga cepat. Pilih jadwal sore ternyata setengah jam sudah dikirim. Sip.,5
10/9/2024,"Saran saya jangan pake aplikasi ini, saya pesan lewat aplikasi bayar debit online eh barangnya tidak di antar. di chat toko juga tidak di respon. Payahhhh",5
10/8/2024,"Tolol !!! masa gue abis update keluar dari apk, trs gue mau login pake nmr ama email yg terdaftar ga bisa !!! Gobloggg, ude deh jgn pada download dah balaaa",2
10/8/2024,Sangat mudah digunakan,1
10/8/2024,"Ka, knp kalau mau daftar, nomor nya sudah benar tapi gak mau masuk di aplikasi nya?knp ya plis jawab",1
10/8/2024,masih banyak bug yang harus diperbaiki dan saya harap akan ada update untuk kedepannya,1
10/7/2024,di update lah semisal tutup grabmart/gomart nya dimatiin biar ga nyusahin driver kasian driver yang berangkat malem dapet orderan grabmart/gomart di alfamidi yg harus selalu ngancel ngrusak perform akun,5
10/7/2024,Bad banget,5
10/7/2024,"Pilih opsi pengiriman early (jam 8-10 pagi) ni sampe jam 1 siang ga di kirim², di WA CS ga bales, fitur chat toko ga di bales. Pengen cepet malah begini. Sampe sekarang jg ga dikirim², fixed udh saya uninstall dan pindah ke toko warna biru, dan lebih lancar toko warna biru, kurang dr 1 jam udh di kirim.",5
10/7/2024,"Saya pesan sudah 3 hari tidak dikirim, tau tau sudah masuk pengiriman selesai padahal barang tidak diterima. Hubungi cs di aplikasi tidak ada respon. Tolong dibantu proses refund ya. Saya harus kemana ini ? Payah.",2
10/7/2024,Jadi langganan belanja,1
10/6/2024,Mudah dan hemat,1
10/6/2024,Aplikasi tergoblok yg pernah q pakai...jauh lbh bagus alfagift,1
10/6/2024,"Aplikasi banyak bug nya tolong diperbaiki lagi, beda banget sama alfagift",5
10/6/2024,"Pesanan tidak dikirim kirim sampai batas waktu pengiriman, chat tidak dibalas toko, mengubungi semua call center juga tidak ada respon",1
10/6/2024,"GK jelas ,, orderan gak masuk ,uang ketahan Sampek nunggu 14 hari kerja ,, yg salah system' loe ,,tapi mlah bikin rugi pembeli ,,udah Aplikasi luemotttt kayak keong ,,mau order aja bikin emosi ,,giliran udah bisa order dicancel seenaknya. Gak mutu bgtz aplikasinya,,Gak guna 👎👎👎👎",1
10/5/2024,"Hire itnya yg bener dong apk kok gini, jwelek bgt, banyak bug tapi gabisa tanggung jawabnya",1
10/5/2024,"Pelayanan sangat memuaskan, belanja online memudahkan",1
10/4/2024,Kenapa midikriing tidak bisa di download,1
10/4/2024,"Udah pesan lewat aplikasi tetapi barang tidak diantar dan tidak ada konfirmasi apapun dari pihak toko, aplikasinya terlalu buruk sekali tidak bisa dibuat untuk belanja",5
10/4/2024,"Aplikasi sampah, order status dikirim tapi gak sampai rumah, malah dibatalin. Klo belum siap gsah sok jualan lu, lol",1
10/4/2024,"Gak banget, app nya lemott bgt Terus saya order tanggal 4, skrg tanggal 5 belum di konfirmasi juga pesanan nya .. gmna cara refund ?",3
10/4/2024,"Ga bisa buat belanja,katanya akun email sudah di gunakan,Bru aja daftar gimana sih! Akun emailku blm aku gunakan di Alfamidi sblmnya dn aku jga baru download",5
10/4/2024,"udah 3 hari aplikasi berjalan lambat, kadang tdk merespon. alhasil ga sukses2 belanja. jadinya belanja di aplikasi lain.",2
10/3/2024,Sangat menyenangkan belanja disini,1
10/3/2024,Sangat nyaman bdlanja disini,5
10/3/2024,"Bikin emosi gila, aplikasi Super duper lemot,, giliran bisa Check out sudah bayar,, eh dicancel mulu sama toko 😪👎👎👎👎👎",5
10/3/2024,Kalau gak niat mau ngasih promo gausah buat aplikasi online ujung² merugikan pembeli refund seenaknya,1
10/3/2024,buruk. untuk menambahkan produk keranjang belanja harus menunggu waktu 5 menit lebih pun masih belum selesai loading... tolong perbaiki lagi aplikasi nya,4
10/3/2024,aplikasi apa'an udh order di mintak lagi ketika cus pembatalan gk bisa,5
10/3/2024,"Aplikasi lemot parah, order disini buang- buang waktu",1
10/3/2024,Lemot banget aplikasinya 😭 mending yang di aplikasi sebelah,2
10/3/2024,"Status pesanan sudah di kirim tapi barang belum di terima,malah di suruh refund aneh",1
10/3/2024,Bagus,3
10/3/2024,tolong di perbaiki lagi .untuk masukin barang ke keranjang . untuk buka keranjang aja loadingnya lama banget .,5
10/3/2024,Aplikasi ini sangat membantu sekali bagi para mageran yang gak suka keluar rumah belanja aja di midi kriing bagus loh,5
10/3/2024,"Gak akurat,,,sudah pesan barang tidak dikirim",1
10/3/2024,top,2
10/2/2024,"Setelah di upgrade, kenapa malah lemot sekali yah? Ngga bisa masukkan barang ke keranjang, loading terus.",5
10/2/2024,"Aplikasi absurd, masukin barang ke keranjang muter, cek keranjang muterrrr terus ga jelas",1
10/2/2024,Tolong ya diperbaiki lagi w udah login ke akun baru aja dibuat trs ngelogin no udah pass udh malah sandinya salah udh 2x w mastiin gj bngt ni apk,1
10/2/2024,Gimana sih ni.. udh daftar tp nomer otp ga di kirim2. Akhirnya aku keluar apk. Terus daftar ulang malah ga bisaaa.. katanya udh terdaftar. Terus aku login katanya email dan nomer blm terdaftar. Emg ga ada pilihan bantuannya apa??,4
10/1/2024,APK Gak Bagus Jangkawan Pengirim Nya Sangat Pendek Sebar Member Nya Banyak Tapi Jangkawan Pendek Untuk Pengirim nya Kan Percuma,1
10/1/2024,"tolong di setiap gerai alfamidi di surabaya timur di kasih motor untuk pengiriman pesanan midi kring,bukan pakek motor karyawan",1
10/1/2024,Sayangnya hpku sdh tdk kompatible dgn aplikasi setelah diupdate,1
10/1/2024,Knp g bisa di perbarui,1
10/1/2024,Nice,2
10/1/2024,Mudah belanja jika malas keluar rumah..alfamidi solusinya,1
10/1/2024,"Setelah diperbaharui, aplikasi tidak bisa digunakan kmbali.",1
9/30/2024,Aplikasi gak guna pas di update malah gak bisa masuk lagi akun,1
9/30/2024,Ya ok,3
9/30/2024,"Ribet daftar nya, tolong segera di perbaiki!!!",5
9/29/2024,Sangat kecewa dengan pelayanan nya masa kita pesan jam 14:00 siang baru diantar besoknya pada hal udah nunggu2n dari siang ngak ada kabar kalau gini mending berahli ke aplikasi sebelah aja 😡😡😡😡😡😡😡😡😡😡,5
9/28/2024,Lemotnya udah ngalah2in 2G,5
9/28/2024,"setelahh di update kok susah untuk masuk yaa,selalu ada kendala gagal memuat,selalu saja bgtuu hadehhh😑",5
9/28/2024,Harus lebih di update lagi. Agar ada fitur chat dan tlp,1
9/27/2024,"Ini nih ,yang ku cari cari🤩🤩",5
9/27/2024,"Aplikasi nya lelet bnget, kadang ga bisa di klik sampai berapa kali agak kesel, semoga segera diperbaiki",1
9/27/2024,LEMOTTTT,1
9/27/2024,"Sekarang lemmot banget bikin naek darah udah 3 jam muter"" Mohon diperbaiki sistem aplikasinya thank you",3
9/27/2024,Aplikasi terlalu lemot,5
9/27/2024,"aplikasinya setelah di perbarui malah tidak bisa di gunakan sama sekali, sudah edit data pun tetap tidak bisa dibuka. sangat di sayangkan",5
9/27/2024,sangat berguna untuk belanja online dari rumah,1
9/27/2024,Lemot banget skrg ya,1
9/27/2024,"Mohon diperbaiki untuk aplikasinya, mau cek out barang belanja aplikasinya malah ngeblank",1
1,,
5,,
5,,
1,,
3,,
9/26/2024,Mantap,1
9/26/2024,Aplikasi jelek banyak kurangnya,1
9/25/2024,Kenapa akun saya susah login setelah keluar,1
9/25/2024,Keren simpel,5
9/25/2024,Bagus banget,2
9/25/2024,awalnya pake apk ini bisa login & lancar terus kenapa sekarang saya ga bisa login & keterangannya 'email sudah digunakan'. saya tanya ke karyawannya solusinya cuman bikin akun baru dengan email & nomor hp baru. males banget dah.,1
9/24/2024,Aman dan nyaman,1
9/24/2024,sangat membantu untuk belanja secara online,1
9/24/2024,sangat membantu untuk belanja secara online,1
9/24/2024,Waktu pengiriman lama.. pesan dari pagi tapi sampai sore ngak datang,1
9/24/2024,Memudahkan saya untuk berbelanja,5
9/24/2024,Apk sgt bagus dan membantu,5
9/24/2024,"The best❤️ aku selalu pesan lewat apk ini, sangat mudah, nyaman dan pengantarannya pun cepat banget gercep deh pokoknya.. suka banget karna aksesnya gampang . 👍👍👍",1
9/24/2024,"Pelayan anak tokonya kurang baik, jutek di mohon untuk pihak alfamidi di saring² lagi crew cashier dan pejabatnya jgn ada yg muka jutek dan gak sopan seperti anak toko perempuan yg di toko DAYUNG KALIMANTAN TIMUR",1
9/24/2024,"Secara aplikasi sdh bagus, hanya saja secara operasional dari awal aplikasi ada sampe skrg jelek banget, pengiriman sangat lama sekali, dan ditoko dr 3 tahun lalu tidak ada armada yg memadai, beda bgt ama alfagift, pesan galon 2 yg kirim harus boncengan 2 orang, setiap kali beli aqua galon pasti begitu, jadi kasihan ama anak tokonya",1
9/24/2024,Mantap,1
9/24/2024,mantap,1
9/24/2024,Update terbaru sudah bisa tebus murah dan dapat produk gratis 🙏🏻,1
9/24/2024,Mantap,1
9/24/2024,HP tidak di root tapi terdeteksi sbg HP yg di root 👎,5
9/24/2024,Mantap apk nya,1
9/24/2024,Bagus,5
9/24/2024,Aplikasi Online store terbaik,1
9/24/2024,Mantap memudahkan untuk custumer,5
9/23/2024,Lemot,1
9/22/2024,bagus sekali Alfamidi kriing sangat membantu sekali belanja supermarket swalayan nyaman aman ia ya baik terima kasih sama sama tq kakak,1
9/22/2024,"Sy pesan brg(pembayaran trf) dr tgl 20 utk jam pengiriman jam 11am - 5pm. Sampai skarang 22 sept, pesanan sy blm diantar",1
9/19/2024,"Apk nya di perbaiki yah lemot parah, butub waktu buat klik nya :,(",1
9/19/2024,Susah,1
9/18/2024,"Banyak bug, klo login lagi susah..",1
9/17/2024,Keren,1
9/17/2024,Ngefrez Mulu tayiii tayi,5
9/17/2024,Saya lagi demam mau beli tapi saat transaksi di suruh bayar minimal 50000 udah input tpi gbisa 3 Hari kemudian bru bisa,5
9/16/2024,Sangat membantu dan oraktis,5
9/16/2024,Sangat membantu,2
9/16/2024,Sangat membantu,1
9/16/2024,Sangat membantu sekali,5
9/16/2024,Memudahkan belanja tanpa ribet,5
9/16/2024,"Sangatt membantu untuk kita yang malas keluar rumah, pelayanannya cepat",1
9/16/2024,Manjaaa puas bngt smaa pelayanannya,1
9/16/2024,"cepat, terpercaya dan sangat membantu",2
9/16/2024,Sangat membantu costumer yang males keluar dan d sini kita bisa pilih pesenan sesuai kita,1
9/16/2024,mempermudah kebutuhan sehari2 dan dapat potongan diskon serta gratis ongkir,5
9/16/2024,Mantapp,3
9/16/2024,"alfamidi, layanan midikringnya oke puas dan mantap, dipertahankan ya semangat terus",1
9/16/2024,"Sangat membantu bagi yang malas belanja keluar, bnyk promonya uda gitu gratis ongkir lagi",1
9/16/2024,good👍,1
9/16/2024,Secepat kilat,2
9/16/2024,Semakin mudah untuk berbelanja🥳,5
9/16/2024,bagus tingkatkan,3
