ulasan,produk,layanan,fungsi,rating
mempermudah untuk belanja tidak perlu keluar rumah barang diantar kerumah dan gratis ongkir pula,Tidak Ada,Positif,Positif,5
sangat memudahkan berbelanja saat males keluar rumah,Tidak Ada,Positif,Positif,5
malah layar putih setelah mendaftar kan alamat hadeh,Tidak Ada,Tidak Ada,Negatif,1
ayo aplikasi nya bagus pokonya mantap,Positif,Positif,Positif,5
memuaskan.,Positif,Positif,Positif,5
good luck always,Positif,Tidak Ada,Positif,5
sangat recomended aplikasi ini bagi yang mager keluar rumah,Tidak Ada,Positif,Positif,5
kenapa mau belanja malah disuruh update data terus? udah di save balik lagi update data terus berulang2. back jg ga bisa. sarannya disuruh hapus data/hapus cache tp podo ae gak iso,Tidak Ada,Tidak Ada,Negatif,1
respon cepat,Tidak Ada,Positif,Tidak Ada,5
"belanja lebih mudah tanpa harus keluar rumah,joss",Tidak Ada,Tidak Ada,Positif,5
alhamdulillah ngebantu banget bisa hemat waktu terima kasih alfamidi,Positif,Tidak Ada,Positif,5
"cuss langsung order, sambil santai dirumah",Tidak Ada,Positif,Positif,5
"wooow suka aplikasinya,,, makin sering blnja d alfamidi ,,,,",Positif,Positif,Positif,5
mudah untuk digunakan,Tidak Ada,Tidak Ada,Positif,5
cepat dan lengkap,Positif,Positif,Tidak Ada,5
"aplikasinya bagus,mantap, pokoknya nggak nyesel download aplikasi ini.",Tidak Ada,Positif,Positif,5
mantap si apknya kurirnya cepat sampenya,Tidak Ada,Tidak Ada,Positif,5
bagus bangettt terima kasih alfamidi sudah membuat nya menjadi mudahh,Positif,Positif,Positif,5
the soul of the application is great,Positif,Positif,Positif,5
"aplikasi apa ini gak bisa di pake buat belanja, keranjang nya kosong biarpun di masukin daftar belanja. niat buat aplikasi gak sih error terus kalo login. gak bisa di pake!!!",Tidak Ada,Tidak Ada,Negatif,1
alfamidi kaya warung kaki lima parah jiiir kasir ada 3 yang dipake cuman 1 kaga ada otak padahal karyawannya banyak kalo gua jadi bosnya gua dah pecat tuh karyawan,Tidak Ada,Negatif,Tidak Ada,1
"abangÂ²nyah ramah sekali,sopan lagi, kalo kata upin-ipin mah terbaik. (alfamidi sentraland)",Positif,Positif,Tidak Ada,5
apk yg sangat membantu sekali,Tidak Ada,Tidak Ada,Positif,5
aplikasi in sangat membantu untuk memenuhi kebutuhan sehari2 tanpa ribet,Tidak Ada,Positif,Positif,5
terlalu lama menunggu menginstal aplikasi alfamidi nya,Positif,Tidak Ada,Positif,2
"intinya aplikasi gak bisa dipakai, selalu muncul halaman edit profile. berkali2 disimpan tetap muncul lagi halaman edit profile",Tidak Ada,Tidak Ada,Negatif,1
"aplikasi ini sangat bagus, dapat memudahkan customer dalam berbelanja. tinggal pencet pencet sudah, pengiriman nya juga cepat",Tidak Ada,Positif,Positif,5
responnya cepat,Negatif,Positif,Positif,5
sangat membantu customer dan mempermudah belanja kebutuhan,Tidak Ada,Tidak Ada,Positif,5
terimakasih atas pelayanannya,Tidak Ada,Positif,Tidak Ada,5
"karyawan di salah satu toko di gresik tidak jujur, uang kembalian customer sengaja dikurangi",Tidak Ada,Negatif,Negatif,1
keren banget dah ok oke,Positif,Positif,Positif,5
keren ga perlu kluar rmh,Tidak Ada,Positif,Positif,5
pengiriman tepat waktu,Tidak Ada,Negatif,Tidak Ada,5
cocok,Positif,Tidak Ada,Positif,5
apknya keren belanja dari rumah jadii makin praktis :),Tidak Ada,Positif,Positif,5
"cuma stuck di masukin kode otp. selalu tulisannya gagal dimuat terus. udh di uninstal, instal ulang, login ulang, sama aja. kesimpulannya ni aplikasi gabisa dipake. gimana sih developernya nih. ku liat ga cuma 1 kasus loh. niat ga sih",Tidak Ada,Tidak Ada,Negatif,1
sudah terselesaikan dan pelayanan ramah juga saya senang,Tidak Ada,Positif,Tidak Ada,5
mantaff,Positif,Positif,Positif,5
"aplikasinya bagus banget, dri aplikasi ini kita bisa liat liat barang apa aja yg promo. selain itu kita juga bisa pesan barang lewat aplikasi kayak toko oren gitu. gratis ongkir lagi. uda gitu bisa cek point member kita uda terkumpul brp. pokoknya debest bgt ni app",Tidak Ada,Tidak Ada,Tidak Ada,5
"sangat membantu, memudahkan untuk belanja dari rumah",Tidak Ada,Positif,Positif,5
"kerennn. layanan terbaru dari alfamidi, mempermudah dalam berbelanja di masa pandemi",Tidak Ada,Positif,Positif,5
belanja online ngk ada menariknya.cuma sekedar belanja dr rumah.brng sampainfk ada promo sepeti voucher .bisa tebus murah.bayar pakai gopay atau shoppe pay dapat pot.masih mending belanja off line.kalah jauh sama klik idm.belum layak disebut belanja online,Negatif,Tidak Ada,Negatif,1
kenapa aplikasi erro,Positif,Positif,Positif,3
the bestt,Positif,Positif,Positif,5
"status pesanan sudah terkirim tapi barang belum sampai, bahkan belum dikirim. kalaupun ada kendala untuk/saat pengiriman, jangan langsung diselesaikan order nya. hampir puas karena ada aplikasi ini tapi jadi kecewa padahal baru penggunaan pertama.",Tidak Ada,Negatif,Tidak Ada,2
bebas ongkir patenn kali,Positif,Positif,Positif,5
sangat sekali di pandemi ini,Tidak Ada,Positif,Positif,1
"mau belanja jadi mudah karna midikring, tinggal pilih pesanan siap di antar, ga cape keluar rumah deeeh",Tidak Ada,Positif,Positif,5
